{
    "SET 1": {
        "SOURCE": "CARSFT",
        "UNIT": "[1e-18 cm^3/(erg amagat)] (at 273.15 [K] and 1.01325 [bar]), not confirmed",
        "T0": 273.15,
        "P0": 1.01325,
        "SPECIES":{
        "N2": 7.7877,
        "CO2": 11.8,
        "CO": 12.3,
        "H2": 10.0206,
        "O2": 7.8538}
    },
    "SET 2": {
        "SOURCE": "NRC",
        "UNIT": "[1e-18 cm^3/erg] (at NTP: 293 [K]? and 1 [bar])",
        "T0": 295,
        "P0": 1.0,
        "SPECIES": {
            "N2": 8.31,
            "Ar": 9.31,
            "O2": 7.81,
            "H2O": 18.28
        }
    },
    "SET 3": {
        "SOURCE": "Eckbreth",
        "UNIT": "[1e-18 cm^3/(erg amagat)] (at STP: 273.15 [K] and 1 [bar])",
        "T0": 273.15,
        "P0": 1.0,
        "SPECIES": {
            "Ar": 11.23,
            "N2": 8.99,
            "O2": 12.08,
            "CO": 13.29,
            "CO2": 9.74,
            "CH4": 28.31,
            "H2": 6.85,
            "NO": 27.40,
            "H2O": 19.79,
            "C3H8": 103.19,
            "C4H10": 129.52,
            "C2H6": 45.33,
            "C2H4": 79.25,
            "C2H2": 57.95
        }
    }
}
